dt,dt_iso,city_name,temp,feels_like,temp_min,temp_max,pressure,sea_level,grnd_level,humidity,wind_speed,rain_1h,clouds_all,weather_description
1678838400,2023-03-15 00:00:00 +0000 UTC,local,9.53,9.53,6.9,11.18,1022,,,92,1.22,,18,few clouds
1678842000,2023-03-15 01:00:00 +0000 UTC,local,9.56,9.29,8.86,10.62,1022,,,92,1.37,,8,sky is clear
1678845600,2023-03-15 02:00:00 +0000 UTC,local,8.99,8.48,8.13,10.07,1022,,,93,1.52,,6,sky is clear
1678849200,2023-03-15 03:00:00 +0000 UTC,local,8.98,8.47,7.75,9.51,1021,,,93,1.51,,4,sky is clear
1678852800,2023-03-15 04:00:00 +0000 UTC,local,9.38,9.03,5.23,9.56,1020,,,93,1.42,,3,sky is clear
1678856400,2023-03-15 05:00:00 +0000 UTC,local,8.34,7.59,4.67,9.2,1020,,,92,1.65,,3,sky is clear
1678860000,2023-03-15 06:00:00 +0000 UTC,local,8.84,8.21,4.12,9.2,1020,,,91,1.61,,5,sky is clear
1678863600,2023-03-15 07:00:00 +0000 UTC,local,8.82,7.97,4.67,9,1019,,,88,1.83,,10,sky is clear
1678867200,2023-03-15 08:00:00 +0000 UTC,local,10.03,9.26,7.13,10.11,1019,,,83,1.43,,36,scattered clouds
1678870800,2023-03-15 09:00:00 +0000 UTC,local,12.78,12.02,8.4,12.89,1019,,,73,1.33,,46,scattered clouds
1678874400,2023-03-15 10:00:00 +0000 UTC,local,15.06,14.27,12.13,15.11,1018,,,63,1.15,,38,scattered clouds
1678878000,2023-03-15 11:00:00 +0000 UTC,local,17.82,17.2,14.13,17.89,1018,,,59,1.21,,36,scattered clouds
1678881600,2023-03-15 12:00:00 +0000 UTC,local,18.91,18.27,16.13,19,1017,,,54,1.45,,31,scattered clouds
1678885200,2023-03-15 13:00:00 +0000 UTC,local,20.02,19.17,17.13,20.31,1016,,,42,2.01,,31,scattered clouds
1678888800,2023-03-15 14:00:00 +0000 UTC,local,20.47,19.62,14.51,21.42,1015,,,40,2.19,,41,scattered clouds
1678892400,2023-03-15 15:00:00 +0000 UTC,local,21.15,20.34,18.13,21.98,1015,,,39,2.43,,31,scattered clouds
1678896000,2023-03-15 16:00:00 +0000 UTC,local,21.06,20.34,16.18,23.01,1014,,,43,2.09,,25,scattered clouds
1678899600,2023-03-15 17:00:00 +0000 UTC,local,21.02,20.35,16.18,21.23,1014,,,45,1.96,,24,few clouds
1678903200,2023-03-15 18:00:00 +0000 UTC,local,15.95,15.45,15.62,16.64,1014,,,71,1.27,,24,few clouds
1678906800,2023-03-15 19:00:00 +0000 UTC,local,14.46,13.95,14.13,15.07,1014,,,76,0.21,,25,scattered clouds
1678910400,2023-03-15 20:00:00 +0000 UTC,local,13.21,12.6,12.13,14.75,1015,,,77,0.29,,15,few clouds
1678914000,2023-03-15 21:00:00 +0000 UTC,local,13.35,12.54,11.13,14.2,1014,,,69,1.41,,28,scattered clouds
1678917600,2023-03-15 22:00:00 +0000 UTC,local,13.33,12.49,10.79,13.45,1014,,,68,1.2,,42,scattered clouds
1678921200,2023-03-15 23:00:00 +0000 UTC,local,11.22,10.43,10.23,12.29,1014,,,78,1.59,,44,scattered clouds
1678924800,2023-03-16 00:00:00 +0000 UTC,local,10.75,9.92,9.12,11.73,1013,,,78,1.27,,42,scattered clouds
1678928400,2023-03-16 01:00:00 +0000 UTC,local,9.89,9.51,8.01,11.64,1012,,,78,1.51,,98,overcast clouds
1678932000,2023-03-16 02:00:00 +0000 UTC,local,9.14,8.69,7.45,11.09,1012,,,78,1.48,,98,overcast clouds
1678935600,2023-03-16 03:00:00 +0000 UTC,local,9.43,8.98,7.45,11.09,1011,,,77,1.52,,99,overcast clouds
1678939200,2023-03-16 04:00:00 +0000 UTC,local,8.83,8.4,6.9,10.53,1011,,,79,1.42,,99,overcast clouds
1678942800,2023-03-16 05:00:00 +0000 UTC,local,8.23,7.81,6.9,9.98,1010,,,77,1.35,,99,overcast clouds
1678946400,2023-03-16 06:00:00 +0000 UTC,local,8.49,8.49,8.13,9.42,1011,,,78,0.72,,99,overcast clouds
1678950000,2023-03-16 07:00:00 +0000 UTC,local,10.57,9.72,8.13,10.67,1011,,,78,1.16,,100,overcast clouds
1678953600,2023-03-16 08:00:00 +0000 UTC,local,11.1,10.3,8.13,11.98,1011,,,78,1.25,,100,overcast clouds
1678957200,2023-03-16 09:00:00 +0000 UTC,local,12.26,11.58,10.07,13.09,1011,,,78,1.92,,100,overcast clouds
1678960800,2023-03-16 10:00:00 +0000 UTC,local,13.41,12.92,11.73,14.2,1011,,,81,3.05,,100,overcast clouds
1678964400,2023-03-16 11:00:00 +0000 UTC,local,14.54,14.09,12.84,14.67,1010,,,78,3.96,,100,overcast clouds
1678968000,2023-03-16 12:00:00 +0000 UTC,local,16.17,15.59,13.95,18.64,1009,,,67,4.23,,98,overcast clouds
1678971600,2023-03-16 13:00:00 +0000 UTC,local,17.75,17.15,14.13,19.75,1009,,,60,3.84,,100,overcast clouds
1678975200,2023-03-16 14:00:00 +0000 UTC,local,18.35,17.78,14.13,19.67,1008,,,59,3.69,,100,overcast clouds
1678978800,2023-03-16 15:00:00 +0000 UTC,local,16.17,15.75,13.95,18.56,1008,,,73,4.43,,100,overcast clouds
1678982400,2023-03-16 16:00:00 +0000 UTC,local,14.55,14.2,13.31,15.23,1009,,,82,3.05,,100,overcast clouds
1678986000,2023-03-16 17:00:00 +0000 UTC,local,14.55,14.15,13.86,14.56,1009,,,80,2.43,,100,overcast clouds
1678989600,2023-03-16 18:00:00 +0000 UTC,local,14.53,14.13,13.13,15.23,1009,,,80,2.64,0.5,100,light rain
1678993200,2023-03-16 19:00:00 +0000 UTC,local,13.44,13.09,12.2,14.12,1008,,,86,2.16,0.2,100,light rain
1678996800,2023-03-16 20:00:00 +0000 UTC,local,13.4,13.12,11.64,13.56,1009,,,89,3.04,0.32,100,light rain
1679000400,2023-03-16 21:00:00 +0000 UTC,local,12.38,12.08,12.2,13.13,1010,,,92,2.48,0.12,93,light rain
1679004000,2023-03-16 22:00:00 +0000 UTC,local,12.37,12.09,11.98,13.13,1010,,,93,1.75,,75,broken clouds
1679007600,2023-03-16 23:00:00 +0000 UTC,local,11.84,11.51,11.42,13.13,1010,,,93,1.69,,62,broken clouds
1679011200,2023-03-17 00:00:00 +0000 UTC,local,11.57,11.21,10.86,13.13,1010,,,93,1.8,,54,broken clouds
1679014800,2023-03-17 01:00:00 +0000 UTC,local,11.82,11.46,10.86,13.13,1010,,,92,1.8,,23,few clouds
1679018400,2023-03-17 02:00:00 +0000 UTC,local,11.83,11.5,10.86,13.13,1010,,,93,1.82,,23,few clouds
1679022000,2023-03-17 03:00:00 +0000 UTC,local,11.23,10.84,10.53,11.73,1010,,,93,1.87,,32,scattered clouds
1679025600,2023-03-17 04:00:00 +0000 UTC,local,11.44,11.2,9.98,12.13,1010,,,98,1.87,,36,scattered clouds
1679029200,2023-03-17 05:00:00 +0000 UTC,local,10.68,10.21,10.31,11.18,1011,,,92,1.95,,38,scattered clouds
1679032800,2023-03-17 06:00:00 +0000 UTC,local,10.71,10.24,9.75,12.13,1011,,,92,2.2,1.33,33,moderate rain
1679036400,2023-03-17 07:00:00 +0000 UTC,local,10.73,10.29,10.31,12.13,1011,,,93,2.4,,85,overcast clouds
1679040000,2023-03-17 08:00:00 +0000 UTC,local,10.74,10.3,10.67,12.13,1011,,,93,3.48,0.35,93,light rain
1679043600,2023-03-17 09:00:00 +0000 UTC,local,11.28,10.92,10.31,12.45,1012,,,94,4.01,0.72,95,light rain
1679047200,2023-03-17 10:00:00 +0000 UTC,local,11.81,11.47,11.42,12.75,1012,,,93,4.33,,96,overcast clouds
1679050800,2023-03-17 11:00:00 +0000 UTC,local,11.29,10.9,11.09,12.45,1012,,,93,5.43,,97,overcast clouds
1679054400,2023-03-17 12:00:00 +0000 UTC,local,12.36,12.03,11.98,13.01,1013,,,91,5.16,,98,overcast clouds
1679058000,2023-03-17 13:00:00 +0000 UTC,local,13.94,13.5,11.42,14,1013,,,81,6,,23,few clouds
1679061600,2023-03-17 14:00:00 +0000 UTC,local,13.45,13.07,12.53,13.95,1013,,,85,5.99,,28,scattered clouds
1679065200,2023-03-17 15:00:00 +0000 UTC,local,12.4,11.94,12.2,13.64,1013,,,86,5.55,0.12,42,light rain
1679068800,2023-03-17 16:00:00 +0000 UTC,local,11.89,11.51,11.78,14.13,1013,,,91,4.89,,53,broken clouds
1679072400,2023-03-17 17:00:00 +0000 UTC,local,12.33,11.94,11.9,12.84,1013,,,89,4.01,,59,broken clouds
1679076000,2023-03-17 18:00:00 +0000 UTC,local,11.83,11.42,11.09,13.4,1014,,,90,3.19,,49,scattered clouds
1679079600,2023-03-17 19:00:00 +0000 UTC,local,10.25,9.71,10.11,13.13,1014,,,91,1.52,,77,broken clouds
1679083200,2023-03-17 20:00:00 +0000 UTC,local,10.21,9.71,10.11,12.29,1015,,,93,1.12,,68,broken clouds
1679086800,2023-03-17 21:00:00 +0000 UTC,local,10.22,9.73,10.11,12.29,1015,,,93,1.14,,76,broken clouds
1679090400,2023-03-17 22:00:00 +0000 UTC,local,10.22,9.73,10.11,12.29,1016,,,93,0.73,,70,broken clouds
1679094000,2023-03-17 23:00:00 +0000 UTC,local,10.68,10.23,9.75,11.13,1016,,,93,0.61,,66,broken clouds
1679097600,2023-03-18 00:00:00 +0000 UTC,local,10.87,10.52,9.75,11.18,1015,,,96,0.7,,70,broken clouds
1679101200,2023-03-18 01:00:00 +0000 UTC,local,10.43,10.04,9.42,11.18,1015,,,96,0.98,,75,broken clouds
1679104800,2023-03-18 02:00:00 +0000 UTC,local,11.12,10.74,9.42,12.13,1015,,,94,1.17,0.37,87,light rain
1679108400,2023-03-18 03:00:00 +0000 UTC,local,10.15,9.68,9.75,11.13,1015,,,94,1.39,,91,overcast clouds
1679112000,2023-03-18 04:00:00 +0000 UTC,local,10.12,9.64,9.75,10.62,1015,,,94,1.45,0.14,94,light rain
1679115600,2023-03-18 05:00:00 +0000 UTC,local,10.12,9.64,9.98,10.62,1016,,,94,1.43,,95,overcast clouds
1679119200,2023-03-18 06:00:00 +0000 UTC,local,10.15,9.68,9.98,11.13,1016,,,94,1.48,,96,overcast clouds
1679122800,2023-03-18 07:00:00 +0000 UTC,local,10.68,10.28,9.98,11.13,1017,,,95,0.74,,75,broken clouds
1679126400,2023-03-18 08:00:00 +0000 UTC,local,10.68,10.28,9.98,11.42,1018,,,95,0.96,,71,broken clouds
1679130000,2023-03-18 09:00:00 +0000 UTC,local,11.23,10.89,11.09,11.23,1018,,,95,1.33,,72,broken clouds
1679133600,2023-03-18 10:00:00 +0000 UTC,local,11.27,10.93,11.23,13.13,1018,,,95,1.95,,78,broken clouds
1679137200,2023-03-18 11:00:00 +0000 UTC,local,12.37,12.12,12.2,14.13,1019,,,94,2.6,,81,broken clouds
1679140800,2023-03-18 12:00:00 +0000 UTC,local,12.87,12.64,12.13,12.89,1019,,,93,3.06,,90,overcast clouds
1679144400,2023-03-18 13:00:00 +0000 UTC,local,13.45,13.25,12.84,14.13,1019,,,92,3.61,,100,overcast clouds
1679148000,2023-03-18 14:00:00 +0000 UTC,local,15.04,14.69,12.84,15.86,1018,,,80,2.97,,97,overcast clouds
1679151600,2023-03-18 15:00:00 +0000 UTC,local,15.08,14.76,13.4,15.11,1018,,,81,3.81,,91,overcast clouds
1679155200,2023-03-18 16:00:00 +0000 UTC,local,14.52,14.09,13.31,16.42,1019,,,79,3.63,,91,overcast clouds
1679158800,2023-03-18 17:00:00 +0000 UTC,local,14.53,14.1,13.31,15.31,1019,,,79,2.88,,91,overcast clouds
1679162400,2023-03-18 18:00:00 +0000 UTC,local,13.96,13.55,12.2,14.2,1020,,,82,2.29,,88,overcast clouds
1679166000,2023-03-18 19:00:00 +0000 UTC,local,12.85,12.41,11.09,12.89,1021,,,85,1.61,,15,few clouds
1679169600,2023-03-18 20:00:00 +0000 UTC,local,11.76,11.29,10.53,11.78,1022,,,88,1.16,,12,few clouds
1679173200,2023-03-18 21:00:00 +0000 UTC,local,11.21,10.76,9.98,11.73,1022,,,91,0.9,,12,few clouds
1679176800,2023-03-18 22:00:00 +0000 UTC,local,10.66,10.18,9.42,11.18,1023,,,92,0.91,,18,few clouds
1679180400,2023-03-18 23:00:00 +0000 UTC,local,10.1,9.57,9.13,11.18,1023,,,92,0.87,,23,few clouds
1679184000,2023-03-19 00:00:00 +0000 UTC,local,10.09,9.58,8.64,10.62,1022,,,93,0.9,,29,scattered clouds
1679187600,2023-03-19 01:00:00 +0000 UTC,local,9.56,9.56,8.09,10.62,1023,,,93,1.27,,28,scattered clouds
1679191200,2023-03-19 02:00:00 +0000 UTC,local,9.53,8.84,7.53,10.07,1023,,,94,1.78,,54,broken clouds
1679194800,2023-03-19 03:00:00 +0000 UTC,local,8.96,8.51,6.98,9.51,1022,,,94,1.46,,69,broken clouds
1679198400,2023-03-19 04:00:00 +0000 UTC,local,8.43,8.43,6.98,9.51,1022,,,94,1.33,,77,broken clouds
1679202000,2023-03-19 05:00:00 +0000 UTC,local,8.36,7.58,5.13,8.95,1023,,,94,1.69,,81,broken clouds
1679205600,2023-03-19 06:00:00 +0000 UTC,local,7.81,6.83,5.13,7.89,1023,,,95,1.8,,84,broken clouds
1679209200,2023-03-19 07:00:00 +0000 UTC,local,7.81,6.93,5.13,7.89,1024,,,94,1.7,,27,scattered clouds
1679212800,2023-03-19 08:00:00 +0000 UTC,local,9.46,9.13,6.42,9.56,1023,,,95,1.41,,63,broken clouds
1679216400,2023-03-19 09:00:00 +0000 UTC,local,10.02,9.51,8.13,10.11,1023,,,93,1.2,,76,broken clouds
1679220000,2023-03-19 10:00:00 +0000 UTC,local,12.81,12.24,10.13,13.09,1023,,,80,1.43,,82,broken clouds
1679223600,2023-03-19 11:00:00 +0000 UTC,local,13.97,13.49,12.75,14.75,1023,,,79,0.67,,85,overcast clouds
1679227200,2023-03-19 12:00:00 +0000 UTC,local,15.08,14.5,14.13,16.98,1023,,,71,0.46,,87,overcast clouds
1679230800,2023-03-19 13:00:00 +0000 UTC,local,16.17,15.49,14.13,16.98,1022,,,63,0.65,,100,overcast clouds
1679234400,2023-03-19 14:00:00 +0000 UTC,local,16.92,16.29,13.95,18.09,1021,,,62,1.12,,100,overcast clouds
1679238000,2023-03-19 15:00:00 +0000 UTC,local,18.81,18.21,14.51,19.2,1021,,,56,1.17,,100,overcast clouds
1679241600,2023-03-19 16:00:00 +0000 UTC,local,18.81,18.18,14.51,19,1021,,,55,1.54,,100,overcast clouds
1679245200,2023-03-19 17:00:00 +0000 UTC,local,19.34,18.69,14.51,19.56,1021,,,52,1.6,,100,overcast clouds
1679248800,2023-03-19 18:00:00 +0000 UTC,local,17.16,16.68,13.13,17.53,1022,,,67,1.4,,99,overcast clouds
1679252400,2023-03-19 19:00:00 +0000 UTC,local,12.58,11.98,12.13,13.4,1023,,,80,0.87,,100,overcast clouds
1679256000,2023-03-19 20:00:00 +0000 UTC,local,13.36,12.87,11.13,14.2,1023,,,81,0.84,,97,overcast clouds
1679259600,2023-03-19 21:00:00 +0000 UTC,local,12.27,11.75,10.13,13.09,1023,,,84,1.06,,87,overcast clouds
1679263200,2023-03-19 22:00:00 +0000 UTC,local,11.7,11.2,9.13,11.98,1023,,,87,1.27,,82,broken clouds
1679266800,2023-03-19 23:00:00 +0000 UTC,local,11.7,11.22,9.13,11.78,1023,,,88,1.25,,83,broken clouds
1679270400,2023-03-20 00:00:00 +0000 UTC,local,11.14,10.61,8.13,11.23,1022,,,88,1.59,,86,overcast clouds
1679274000,2023-03-20 01:00:00 +0000 UTC,local,11.65,11.14,8.13,11.78,1022,,,87,1.52,,99,overcast clouds
1679277600,2023-03-20 02:00:00 +0000 UTC,local,11.12,10.56,8.13,11.23,1022,,,87,1.63,,100,overcast clouds
1679281200,2023-03-20 03:00:00 +0000 UTC,local,11.11,10.57,8.09,11.23,1022,,,88,1.7,,100,overcast clouds
1679284800,2023-03-20 04:00:00 +0000 UTC,local,10.56,10,7.53,10.67,1022,,,89,1.4,,100,overcast clouds
1679288400,2023-03-20 05:00:00 +0000 UTC,local,7.78,7.12,7.13,8.95,1022,,,82,1.5,,100,overcast clouds
1679292000,2023-03-20 06:00:00 +0000 UTC,local,7.58,6.98,7.13,8.4,1022,,,81,1.42,,100,overcast clouds
1679295600,2023-03-20 07:00:00 +0000 UTC,local,6.74,6.74,6.13,7.84,1022,,,79,1.18,,100,overcast clouds
1679299200,2023-03-20 08:00:00 +0000 UTC,local,12.73,12.02,6.13,12.89,1022,,,75,0.77,,100,overcast clouds
1679302800,2023-03-20 09:00:00 +0000 UTC,local,14.48,13.84,10.13,14.56,1022,,,71,0.73,,100,overcast clouds
1679306400,2023-03-20 10:00:00 +0000 UTC,local,14.52,13.91,13.13,14.56,1022,,,72,1.04,,100,overcast clouds
1679310000,2023-03-20 11:00:00 +0000 UTC,local,16.73,16.21,15.13,18.09,1022,,,67,1.48,,100,overcast clouds
1679313600,2023-03-20 12:00:00 +0000 UTC,local,18.94,18.4,17.13,20.86,1022,,,58,2.28,,96,overcast clouds
1679317200,2023-03-20 13:00:00 +0000 UTC,local,19.9,19.36,14.51,21.42,1021,,,54,3.06,,63,broken clouds
1679320800,2023-03-20 14:00:00 +0000 UTC,local,19.94,19.35,15.62,21.42,1021,,,52,3.6,,58,broken clouds
1679324400,2023-03-20 15:00:00 +0000 UTC,local,20.46,19.81,16.13,20.86,1020,,,48,3.26,,72,broken clouds
1679328000,2023-03-20 16:00:00 +0000 UTC,local,19.92,19.27,16.13,20.11,1020,,,50,2.92,,78,broken clouds
1679331600,2023-03-20 17:00:00 +0000 UTC,local,18.8,18.15,14.13,19,1020,,,54,2.62,,75,broken clouds
1679335200,2023-03-20 18:00:00 +0000 UTC,local,13.75,13.19,13.13,16.98,1021,,,77,1.54,,76,broken clouds
1679338800,2023-03-20 19:00:00 +0000 UTC,local,12.58,12.22,12.13,13.4,1021,,,89,1.02,,33,scattered clouds
1679342400,2023-03-20 20:00:00 +0000 UTC,local,12.32,11.83,10.53,12.34,1022,,,85,0.54,,41,scattered clouds
1679346000,2023-03-20 21:00:00 +0000 UTC,local,11.22,10.72,10.13,12.29,1022,,,89,0.09,,60,broken clouds
1679349600,2023-03-20 22:00:00 +0000 UTC,local,11.21,10.71,10.13,11.73,1022,,,89,0.44,,70,broken clouds
1679353200,2023-03-20 23:00:00 +0000 UTC,local,10.67,10.14,9.42,11.73,1022,,,90,0.42,,75,broken clouds
1679356800,2023-03-21 00:00:00 +0000 UTC,local,10.11,9.58,9.98,10.31,1022,,,92,0.73,,80,broken clouds
1679360400,2023-03-21 01:00:00 +0000 UTC,local,10.17,9.67,9.75,11.73,1021,,,93,1.13,,99,overcast clouds
1679364000,2023-03-21 02:00:00 +0000 UTC,local,10.15,9.65,9.2,11.18,1021,,,93,1.16,,100,overcast clouds
1679367600,2023-03-21 03:00:00 +0000 UTC,local,9.63,9.63,8.86,11.18,1021,,,92,0.76,,100,overcast clouds
1679371200,2023-03-21 04:00:00 +0000 UTC,local,9.62,9.62,8.86,11.13,1021,,,91,0.63,,99,overcast clouds
1679374800,2023-03-21 05:00:00 +0000 UTC,local,9.59,9.59,8.86,10.62,1020,,,92,0.83,,98,overcast clouds
1679378400,2023-03-21 06:00:00 +0000 UTC,local,9.59,9.59,8.31,10.62,1020,,,93,1.04,,83,broken clouds
1679382000,2023-03-21 07:00:00 +0000 UTC,local,9.58,9.28,8.86,10.13,1021,,,93,1.4,,16,few clouds
1679385600,2023-03-21 08:00:00 +0000 UTC,local,10.64,10.19,9.42,10.67,1021,,,93,1.03,,18,few clouds
1679389200,2023-03-21 09:00:00 +0000 UTC,local,12.81,12.39,11.13,12.89,1021,,,86,0.59,,16,few clouds
1679392800,2023-03-21 10:00:00 +0000 UTC,local,13.44,13.01,11.73,14.75,1021,,,83,0.2,,12,few clouds
1679396400,2023-03-21 11:00:00 +0000 UTC,local,15.05,14.6,13.13,16.98,1020,,,76,1.26,,24,few clouds
1679400000,2023-03-21 12:00:00 +0000 UTC,local,16.49,16.02,16.13,17.53,1020,,,70,2.2,,21,few clouds
1679403600,2023-03-21 13:00:00 +0000 UTC,local,17.75,17.15,14.51,19.2,1019,,,60,2.9,,6,sky is clear
1679407200,2023-03-21 14:00:00 +0000 UTC,local,18.29,17.77,15.07,19.75,1019,,,61,3.78,,36,scattered clouds
1679410800,2023-03-21 15:00:00 +0000 UTC,local,18.29,17.69,15.07,19.75,1018,,,58,3.27,,30,scattered clouds
1679414400,2023-03-21 16:00:00 +0000 UTC,local,18.82,18.25,15.07,19.75,1018,,,57,3.38,,47,scattered clouds
1679418000,2023-03-21 17:00:00 +0000 UTC,local,17.73,17.33,14.13,18.64,1019,,,68,3.6,,58,broken clouds
1679421600,2023-03-21 18:00:00 +0000 UTC,local,15.59,15.16,13.95,16.98,1019,,,75,2.2,,60,broken clouds
1679425200,2023-03-21 19:00:00 +0000 UTC,local,13.43,12.94,12.13,13.45,1019,,,81,0.93,,100,overcast clouds
1679428800,2023-03-21 20:00:00 +0000 UTC,local,12.32,11.85,11.09,13.64,1020,,,86,0.36,,99,overcast clouds
1679432400,2023-03-21 21:00:00 +0000 UTC,local,11.24,10.72,11.09,12.53,1020,,,88,0.45,,99,overcast clouds
1679436000,2023-03-21 22:00:00 +0000 UTC,local,11.24,10.77,10.53,12.29,1020,,,90,0.78,,100,overcast clouds
1679439600,2023-03-21 23:00:00 +0000 UTC,local,10.67,10.17,9.98,11.73,1019,,,91,0.87,,100,overcast clouds
1679443200,2023-03-22 00:00:00 +0000 UTC,local,10.14,9.61,10.11,11.73,1019,,,92,0.58,,100,overcast clouds
1679446800,2023-03-22 01:00:00 +0000 UTC,local,10.65,10.2,9.98,10.67,1019,,,93,0.72,,100,overcast clouds
1679450400,2023-03-22 02:00:00 +0000 UTC,local,10.66,10.18,9.42,11.18,1018,,,92,1.22,,100,overcast clouds
1679454000,2023-03-22 03:00:00 +0000 UTC,local,10.66,10.18,8.86,11.18,1017,,,92,0.83,,100,overcast clouds
1679457600,2023-03-22 04:00:00 +0000 UTC,local,9.71,9.71,9.13,10.62,1018,,,88,0.5,,98,overcast clouds
1679461200,2023-03-22 05:00:00 +0000 UTC,local,10.29,9.67,9.2,10.62,1018,,,88,0.81,,98,overcast clouds
1679464800,2023-03-22 06:00:00 +0000 UTC,local,10.27,9.65,8.86,10.62,1018,,,88,1.53,,94,overcast clouds
1679468400,2023-03-22 07:00:00 +0000 UTC,local,9.05,9.05,8.31,10.13,1018,,,90,0.99,,100,overcast clouds
1679472000,2023-03-22 08:00:00 +0000 UTC,local,10.92,10.31,9.75,11.23,1018,,,86,0.78,,100,overcast clouds
1679475600,2023-03-22 09:00:00 +0000 UTC,local,11.75,11.15,11.09,12.53,1018,,,83,1.18,,100,overcast clouds
1679479200,2023-03-22 10:00:00 +0000 UTC,local,12.88,12.29,11.73,14.2,1018,,,79,1.6,,100,overcast clouds
1679482800,2023-03-22 11:00:00 +0000 UTC,local,13.47,12.86,13.4,14.13,1017,,,76,2.09,,100,overcast clouds
1679486400,2023-03-22 12:00:00 +0000 UTC,local,13.99,13.38,13.4,14.75,1017,,,74,2.43,,100,overcast clouds
1679490000,2023-03-22 13:00:00 +0000 UTC,local,14.53,13.92,13.86,15.31,1017,,,72,3.12,0.15,100,light rain
1679493600,2023-03-22 14:00:00 +0000 UTC,local,15.06,14.48,13.86,15.86,1017,,,71,2.42,,100,overcast clouds
1679497200,2023-03-22 15:00:00 +0000 UTC,local,15.9,15.3,14.42,16.42,1016,,,67,2.57,,100,overcast clouds
1679500800,2023-03-22 16:00:00 +0000 UTC,local,15.6,15.04,13.86,15.86,1016,,,70,2.63,,100,overcast clouds
1679504400,2023-03-22 17:00:00 +0000 UTC,local,15.08,14.47,14.13,15.11,1015,,,70,2.62,,100,overcast clouds
1679508000,2023-03-22 18:00:00 +0000 UTC,local,14.52,13.96,13.13,14.56,1016,,,74,2.11,,100,overcast clouds
1679511600,2023-03-22 19:00:00 +0000 UTC,local,13.43,13.26,12.75,13.95,1017,,,93,1.32,,100,overcast clouds
1679515200,2023-03-22 20:00:00 +0000 UTC,local,12.38,11.87,12.2,13.4,1017,,,84,1.4,,100,overcast clouds
1679518800,2023-03-22 21:00:00 +0000 UTC,local,12.37,11.88,11.64,13.13,1017,,,85,1.45,,97,overcast clouds
1679522400,2023-03-22 22:00:00 +0000 UTC,local,12.37,11.93,11.64,13.13,1017,,,87,1.35,,97,overcast clouds
1679526000,2023-03-22 23:00:00 +0000 UTC,local,11.83,11.37,11.64,13.13,1017,,,88,1.47,,97,overcast clouds
1679529600,2023-03-23 00:00:00 +0000 UTC,local,12.37,11.99,11.64,13.13,1016,,,89,1.47,,96,overcast clouds
1679533200,2023-03-23 01:00:00 +0000 UTC,local,11.83,11.39,11.09,13.13,1016,,,89,1.47,,100,overcast clouds
1679536800,2023-03-23 02:00:00 +0000 UTC,local,11.82,11.41,11.09,13.13,1015,,,90,1.53,,100,overcast clouds
1679540400,2023-03-23 03:00:00 +0000 UTC,local,11.82,11.38,11.09,13.13,1015,,,89,1.43,,100,overcast clouds
1679544000,2023-03-23 04:00:00 +0000 UTC,local,11.82,11.38,11.64,13.13,1015,,,89,1.45,,100,overcast clouds
1679547600,2023-03-23 05:00:00 +0000 UTC,local,11.27,10.8,11.23,12.53,1014,,,90,1.35,,100,overcast clouds
1679551200,2023-03-23 06:00:00 +0000 UTC,local,11.8,11.36,11.09,12.53,1014,,,89,1.55,,100,overcast clouds
1679554800,2023-03-23 07:00:00 +0000 UTC,local,11.8,11.36,11.64,12.53,1014,,,89,1.65,,100,overcast clouds
1679558400,2023-03-23 08:00:00 +0000 UTC,local,11.8,11.33,11.64,13.09,1014,,,88,1.53,,100,overcast clouds
1679562000,2023-03-23 09:00:00 +0000 UTC,local,12.89,12.45,12.75,13.13,1015,,,85,1.89,,100,overcast clouds
1679565600,2023-03-23 10:00:00 +0000 UTC,local,13.99,13.66,13.31,15.31,1015,,,85,2.34,,100,overcast clouds
1679569200,2023-03-23 11:00:00 +0000 UTC,local,13.99,13.64,13.31,14.2,1015,,,84,2.69,,100,overcast clouds
1679572800,2023-03-23 12:00:00 +0000 UTC,local,14.51,14.24,13.13,14.56,1015,,,85,3.21,,100,overcast clouds
1679576400,2023-03-23 13:00:00 +0000 UTC,local,13.97,13.67,13.13,15.31,1015,,,86,3.59,,100,overcast clouds
1679580000,2023-03-23 14:00:00 +0000 UTC,local,14,13.78,13.31,14.75,1014,,,89,3.88,,100,overcast clouds
1679583600,2023-03-23 15:00:00 +0000 UTC,local,14.01,13.79,13.31,14.75,1013,,,89,4.5,,100,overcast clouds
1679587200,2023-03-23 16:00:00 +0000 UTC,local,14.01,13.74,13.86,14.51,1013,,,87,4.68,,100,overcast clouds
1679590800,2023-03-23 17:00:00 +0000 UTC,local,14.01,13.82,13.64,14.51,1013,,,90,4.53,,100,overcast clouds
1679594400,2023-03-23 18:00:00 +0000 UTC,local,13.47,13.27,12.75,14.13,1014,,,92,4.29,,100,overcast clouds
1679598000,2023-03-23 19:00:00 +0000 UTC,local,12.9,12.67,12.75,13.4,1014,,,93,3.88,,100,overcast clouds
1679601600,2023-03-23 20:00:00 +0000 UTC,local,12.9,12.67,12.2,13.4,1015,,,93,3.63,,100,overcast clouds
1679605200,2023-03-23 21:00:00 +0000 UTC,local,12.89,12.66,12.84,13.13,1015,,,93,3.54,0.13,100,light rain
1679608800,2023-03-23 22:00:00 +0000 UTC,local,13.43,13.26,12.2,13.64,1015,,,93,3.39,,100,overcast clouds
1679612400,2023-03-23 23:00:00 +0000 UTC,local,13.47,13.3,12.75,14.13,1015,,,93,3.59,,100,overcast clouds
1679616000,2023-03-24 00:00:00 +0000 UTC,local,13.45,13.31,13.31,13.64,1015,,,94,3.69,,100,overcast clouds
1679619600,2023-03-24 01:00:00 +0000 UTC,local,13.45,13.31,13.31,13.64,1014,,,94,3.65,0.18,100,light rain
1679623200,2023-03-24 02:00:00 +0000 UTC,local,13.99,13.9,13.31,14.13,1015,,,94,3.2,0.46,100,light rain
1679626800,2023-03-24 03:00:00 +0000 UTC,local,13.82,13.82,12.53,14.13,1016,,,98,2.3,0.25,100,light rain
1679630400,2023-03-24 04:00:00 +0000 UTC,local,12.33,12.07,11.64,12.34,1016,,,94,1.6,0.24,100,light rain
1679634000,2023-03-24 05:00:00 +0000 UTC,local,11.5,11.16,10.53,11.78,1017,,,94,1.33,,100,overcast clouds
1679637600,2023-03-24 06:00:00 +0000 UTC,local,10.93,10.53,9.98,11.23,1017,,,94,1.23,,100,overcast clouds
1679641200,2023-03-24 07:00:00 +0000 UTC,local,10.66,10.26,9.75,11.18,1018,,,95,1.37,,100,overcast clouds
1679644800,2023-03-24 08:00:00 +0000 UTC,local,11.23,10.89,10.53,11.73,1019,,,95,1.56,,97,overcast clouds
1679648400,2023-03-24 09:00:00 +0000 UTC,local,11.79,11.51,11.78,12.29,1020,,,95,2.22,,65,broken clouds
1679652000,2023-03-24 10:00:00 +0000 UTC,local,12.92,12.72,12.84,14.75,1021,,,94,2.82,,49,scattered clouds
1679655600,2023-03-24 11:00:00 +0000 UTC,local,14.55,14.15,13.4,15.31,1021,,,80,3.16,,39,scattered clouds
1679659200,2023-03-24 12:00:00 +0000 UTC,local,15.65,15.15,14.98,15.67,1022,,,72,3.49,,34,scattered clouds
1679662800,2023-03-24 13:00:00 +0000 UTC,local,15.61,15,14.13,15.86,1021,,,68,3.94,,4,sky is clear
1679666400,2023-03-24 14:00:00 +0000 UTC,local,16.17,15.38,14.42,16.23,1021,,,59,4.07,,4,sky is clear
1679670000,2023-03-24 15:00:00 +0000 UTC,local,15.11,14.45,15.07,15.86,1021,,,68,3.99,,4,sky is clear
1679673600,2023-03-24 16:00:00 +0000 UTC,local,16.18,15.52,14.98,16.42,1022,,,64,3.99,,4,sky is clear
1679677200,2023-03-24 17:00:00 +0000 UTC,local,16.18,15.52,14.75,16.23,1022,,,64,3.46,,3,sky is clear
1679680800,2023-03-24 18:00:00 +0000 UTC,local,15.07,14.36,13.64,15.11,1023,,,66,2.58,,3,sky is clear
1679684400,2023-03-24 19:00:00 +0000 UTC,local,13.43,13.15,11.98,13.95,1023,,,89,1.39,,0,sky is clear
1679688000,2023-03-24 20:00:00 +0000 UTC,local,12.57,12.28,10.31,13.4,1024,,,92,0.63,,0,sky is clear
1679691600,2023-03-24 21:00:00 +0000 UTC,local,11.23,10.63,9.2,12.84,1025,,,85,0.7,,2,sky is clear
1679695200,2023-03-24 22:00:00 +0000 UTC,local,10.68,10.08,8.64,12.29,1025,,,87,1.17,,5,sky is clear
1679698800,2023-03-24 23:00:00 +0000 UTC,local,10.11,9.53,7.53,11.73,1025,,,90,1.18,,8,sky is clear
1679702400,2023-03-25 00:00:00 +0000 UTC,local,9.56,9.56,6.98,11.73,1025,,,91,1.16,,8,sky is clear
1679706000,2023-03-25 01:00:00 +0000 UTC,local,9.57,9.31,6.42,11.18,1025,,,91,1.36,,7,sky is clear
1679709600,2023-03-25 02:00:00 +0000 UTC,local,9,9,5.86,10.62,1024,,,91,1.12,,25,scattered clouds
1679713200,2023-03-25 03:00:00 +0000 UTC,local,8.99,8.6,4.75,10.07,1024,,,91,1.41,,48,scattered clouds
1679716800,2023-03-25 04:00:00 +0000 UTC,local,8.46,7.94,4.75,9.51,1023,,,91,1.46,,61,broken clouds
1679720400,2023-03-25 05:00:00 +0000 UTC,local,8.44,7.97,4.2,8.95,1023,,,91,1.41,,69,broken clouds
1679724000,2023-03-25 06:00:00 +0000 UTC,local,8.15,7.6,4.2,8.4,1023,,,94,1.45,,73,broken clouds
1679727600,2023-03-25 07:00:00 +0000 UTC,local,8.97,8.43,6.09,9,1023,,,90,1.54,,99,overcast clouds
1679731200,2023-03-25 08:00:00 +0000 UTC,local,10.66,10.03,8.13,10.67,1023,,,86,1.21,,99,overcast clouds
1679734800,2023-03-25 09:00:00 +0000 UTC,local,12.27,11.64,9.51,12.34,1023,,,80,1.42,,96,overcast clouds
1679738400,2023-03-25 10:00:00 +0000 UTC,local,13.44,12.82,12.53,13.45,1023,,,76,1.73,,97,overcast clouds
1679742000,2023-03-25 11:00:00 +0000 UTC,local,14.51,13.79,12.29,15.86,1023,,,68,2.05,,98,overcast clouds
1679745600,2023-03-25 12:00:00 +0000 UTC,local,15.61,14.82,13.4,16.98,1023,,,61,2.55,,98,overcast clouds
1679749200,2023-03-25 13:00:00 +0000 UTC,local,16.69,16.03,14.51,16.78,1023,,,62,3.2,,100,overcast clouds
1679752800,2023-03-25 14:00:00 +0000 UTC,local,16.14,15.48,14.13,16.23,1022,,,64,3.05,,100,overcast clouds
1679756400,2023-03-25 15:00:00 +0000 UTC,local,15.07,14.33,14.13,15.11,1022,,,65,4.03,,100,overcast clouds
1679760000,2023-03-25 16:00:00 +0000 UTC,local,15.07,14.38,12.53,15.11,1021,,,67,4.08,,99,overcast clouds
1679763600,2023-03-25 17:00:00 +0000 UTC,local,14.01,13.56,14,14.51,1021,,,80,3.54,,100,overcast clouds
1679767200,2023-03-25 18:00:00 +0000 UTC,local,12.94,12.64,11.98,14.13,1022,,,90,2.93,,100,overcast clouds
1679770800,2023-03-25 19:00:00 +0000 UTC,local,12.94,12.69,12.53,14.13,1022,,,92,2.96,,99,overcast clouds
1679774400,2023-03-25 20:00:00 +0000 UTC,local,13.48,13.29,13.09,14.13,1022,,,92,3.42,,100,overcast clouds
1679778000,2023-03-25 21:00:00 +0000 UTC,local,13.48,13.31,13.09,14.13,1022,,,93,3.72,,100,overcast clouds
1679781600,2023-03-25 22:00:00 +0000 UTC,local,14,13.88,13.95,14.2,1022,,,93,4.14,,100,overcast clouds
1679785200,2023-03-25 23:00:00 +0000 UTC,local,13.99,13.9,13.09,14.13,1022,,,94,2.48,,98,overcast clouds
1679788800,2023-03-26 00:00:00 +0000 UTC,local,12.33,12.07,11.64,12.34,1023,,,94,1.49,,91,overcast clouds
1679792400,2023-03-26 01:00:00 +0000 UTC,local,11.82,11.54,11.42,13.13,1023,,,95,1.07,,26,scattered clouds
1679796000,2023-03-26 02:00:00 +0000 UTC,local,11.8,11.49,10.86,12.29,1023,,,94,0.93,,28,scattered clouds
1679799600,2023-03-26 03:00:00 +0000 UTC,local,11.23,10.86,10.31,11.73,1023,,,94,0.79,,38,scattered clouds
1679803200,2023-03-26 04:00:00 +0000 UTC,local,11.24,10.9,9.75,12.29,1023,,,95,0.68,,48,scattered clouds
1679806800,2023-03-26 05:00:00 +0000 UTC,local,10.67,10.27,9.75,11.73,1023,,,95,1.01,,55,broken clouds
1679810400,2023-03-26 06:00:00 +0000 UTC,local,10.64,10.24,9.13,11.73,1024,,,95,0.67,,58,broken clouds
1679814000,2023-03-26 07:00:00 +0000 UTC,local,9.55,9.55,8.64,9.56,1024,,,95,0.68,,51,broken clouds
1679817600,2023-03-26 08:00:00 +0000 UTC,local,10.14,9.69,9.98,11.98,1025,,,95,1.13,,51,broken clouds
1679821200,2023-03-26 09:00:00 +0000 UTC,local,11.3,10.91,11.23,13.13,1026,,,93,1.4,,55,broken clouds
1679824800,2023-03-26 10:00:00 +0000 UTC,local,12.35,11.76,12.29,13.31,1026,,,81,2.06,,47,scattered clouds
1679828400,2023-03-26 11:00:00 +0000 UTC,local,13.98,13.26,12.84,14.75,1026,,,70,2.4,,46,scattered clouds
1679832000,2023-03-26 12:00:00 +0000 UTC,local,14.53,13.74,13.4,16.42,1025,,,65,2.81,,41,scattered clouds
1679835600,2023-03-26 13:00:00 +0000 UTC,local,16.7,16.02,14.13,17.53,1025,,,61,3.29,,17,few clouds
1679839200,2023-03-26 14:00:00 +0000 UTC,local,16.7,15.91,14.13,17.53,1025,,,57,3.1,,11,few clouds
1679842800,2023-03-26 15:00:00 +0000 UTC,local,17.25,16.44,14.13,17.53,1024,,,54,3.36,,8,sky is clear
1679846400,2023-03-26 16:00:00 +0000 UTC,local,17.25,16.39,14.13,17.34,1024,,,52,3.47,,8,sky is clear
1679850000,2023-03-26 17:00:00 +0000 UTC,local,17.24,16.48,14.13,17.34,1024,,,56,3.2,,16,few clouds
1679853600,2023-03-26 18:00:00 +0000 UTC,local,15.6,14.89,13.13,15.67,1025,,,64,2.33,,9,sky is clear
1679857200,2023-03-26 19:00:00 +0000 UTC,local,12.13,11.44,12.13,12.2,1025,,,78,1.52,,47,scattered clouds
1679860800,2023-03-26 20:00:00 +0000 UTC,local,11.13,10.49,10.53,11.13,1026,,,84,1.29,,26,scattered clouds
1679864400,2023-03-26 21:00:00 +0000 UTC,local,10.75,10.13,10.13,11.73,1026,,,86,1.73,,29,scattered clouds
1679868000,2023-03-26 22:00:00 +0000 UTC,local,9.94,9.38,9.13,11.18,1026,,,86,1.7,,29,scattered clouds
1679871600,2023-03-26 23:00:00 +0000 UTC,local,10.1,9.44,8.09,11.18,1026,,,87,1.62,,41,scattered clouds
1679875200,2023-03-27 00:00:00 +0000 UTC,local,10.07,9.35,7.53,11.18,1026,,,85,1.72,,55,broken clouds
1679878800,2023-03-27 01:00:00 +0000 UTC,local,9.54,8.65,6.98,10.62,1025,,,87,2.01,,100,overcast clouds
1679882400,2023-03-27 02:00:00 +0000 UTC,local,7.71,7.1,6.13,10.07,1025,,,80,1.45,,100,overcast clouds
1679886000,2023-03-27 03:00:00 +0000 UTC,local,7.48,6.4,5.86,9.51,1025,,,78,1.85,,89,overcast clouds
1679889600,2023-03-27 04:00:00 +0000 UTC,local,8.06,7.03,5.31,9.51,1024,,,76,1.89,,76,broken clouds
1679893200,2023-03-27 05:00:00 +0000 UTC,local,7.24,6.11,4.75,8.95,1024,,,74,1.86,,67,broken clouds
1679896800,2023-03-27 06:00:00 +0000 UTC,local,7.64,6.43,4.75,8.4,1024,,,71,2.02,,65,broken clouds
1679900400,2023-03-27 07:00:00 +0000 UTC,local,7.58,6.36,7.13,8.86,1024,,,68,2.02,,30,scattered clouds
1679904000,2023-03-27 08:00:00 +0000 UTC,local,12.25,11.05,8.95,12.34,1024,,,58,1.56,,4,sky is clear
1679907600,2023-03-27 09:00:00 +0000 UTC,local,13.91,12.77,10.07,14,1024,,,54,1.45,,3,sky is clear
1679911200,2023-03-27 10:00:00 +0000 UTC,local,15.06,13.98,11.73,15.11,1023,,,52,1.22,,2,sky is clear
1679914800,2023-03-27 11:00:00 +0000 UTC,local,17.3,16.21,16.13,17.34,1023,,,43,0.47,,2,sky is clear
1679918400,2023-03-27 12:00:00 +0000 UTC,local,19.52,18.6,18.13,19.75,1022,,,41,1.1,,2,sky is clear
1679922000,2023-03-27 13:00:00 +0000 UTC,local,20.05,19.13,18.13,21.42,1022,,,39,1.25,,2,sky is clear
1679925600,2023-03-27 14:00:00 +0000 UTC,local,21.56,20.79,16.73,23.09,1021,,,39,1.36,,1,sky is clear
1679929200,2023-03-27 15:00:00 +0000 UTC,local,22.1,21.31,17.13,23.09,1020,,,36,1.87,,3,sky is clear
1679932800,2023-03-27 16:00:00 +0000 UTC,local,22.59,21.74,16.13,22.89,1020,,,32,1.77,,19,few clouds
1679936400,2023-03-27 17:00:00 +0000 UTC,local,22.59,21.74,16.13,22.89,1020,,,32,1.76,,34,scattered clouds
1679940000,2023-03-27 18:00:00 +0000 UTC,local,15.8,15,15.13,19.75,1021,,,60,1.35,,29,scattered clouds
1679943600,2023-03-27 19:00:00 +0000 UTC,local,14.66,13.85,14.13,15.62,1021,,,64,0.78,,100,overcast clouds
1679947200,2023-03-27 20:00:00 +0000 UTC,local,13.9,13.02,13.13,16.42,1022,,,64,0.95,,100,overcast clouds
1679950800,2023-03-27 21:00:00 +0000 UTC,local,13.68,12.72,13.13,14.75,1022,,,62,0.52,,100,overcast clouds
1679954400,2023-03-27 22:00:00 +0000 UTC,local,14.42,13.82,10.13,14.56,1022,,,73,1.12,,100,overcast clouds
1679958000,2023-03-27 23:00:00 +0000 UTC,local,14.41,13.81,10.13,14.56,1022,,,73,1.46,,100,overcast clouds
1679961600,2023-03-28 00:00:00 +0000 UTC,local,13.32,12.61,9.13,13.45,1022,,,73,1.74,,100,overcast clouds
1679965200,2023-03-28 01:00:00 +0000 UTC,local,13.88,13.05,10.86,14,1021,,,66,1.73,,93,overcast clouds
1679968800,2023-03-28 02:00:00 +0000 UTC,local,11.34,10.2,10.53,11.73,1021,,,64,1.63,,52,broken clouds
1679972400,2023-03-28 03:00:00 +0000 UTC,local,11.71,10.58,10.31,12.13,1021,,,63,1.61,,36,scattered clouds
1679976000,2023-03-28 04:00:00 +0000 UTC,local,11.71,10.58,9.75,12.13,1021,,,63,1.66,,28,scattered clouds
1679979600,2023-03-28 05:00:00 +0000 UTC,local,10.91,9.68,9.75,11.13,1021,,,62,1.7,,23,few clouds
1679983200,2023-03-28 06:00:00 +0000 UTC,local,10.95,9.72,9.98,11.13,1021,,,62,1.8,,19,few clouds
1679986800,2023-03-28 07:00:00 +0000 UTC,local,10.95,9.75,9.98,11.13,1021,,,63,1.75,,38,scattered clouds
1679990400,2023-03-28 08:00:00 +0000 UTC,local,14.48,13.63,10.62,14.56,1021,,,63,1.6,,27,scattered clouds
1679994000,2023-03-28 09:00:00 +0000 UTC,local,18.37,17.52,14.13,18.45,1021,,,48,1.42,,51,broken clouds
1679997600,2023-03-28 10:00:00 +0000 UTC,local,20.56,20,16.98,20.67,1021,,,51,0.84,,63,broken clouds
1680001200,2023-03-28 11:00:00 +0000 UTC,local,21.2,20.63,20.13,22.53,1021,,,48,1.24,,71,broken clouds
1680004800,2023-03-28 12:00:00 +0000 UTC,local,23.38,22.69,21.13,24.75,1021,,,35,2.06,,77,broken clouds
1680008400,2023-03-28 13:00:00 +0000 UTC,local,24.42,23.81,17.84,24.56,1020,,,34,2.63,,100,overcast clouds
1680012000,2023-03-28 14:00:00 +0000 UTC,local,24.96,24.4,18.4,25.11,1020,,,34,2.92,,99,overcast clouds
1680015600,2023-03-28 15:00:00 +0000 UTC,local,23.87,23.33,18.95,24,1020,,,39,3.1,,100,overcast clouds
1680019200,2023-03-28 16:00:00 +0000 UTC,local,23.88,23.34,18.95,24,1020,,,39,2.43,,100,overcast clouds
1680022800,2023-03-28 17:00:00 +0000 UTC,local,22.8,22.18,18.95,22.89,1020,,,40,1.34,,100,overcast clouds
1680026400,2023-03-28 18:00:00 +0000 UTC,local,20.13,19.71,18.95,20.13,1020,,,58,0.54,,88,overcast clouds
1680030000,2023-03-28 19:00:00 +0000 UTC,local,17.78,17.18,17.13,19.42,1020,,,60,1.56,,51,broken clouds
1680033600,2023-03-28 20:00:00 +0000 UTC,local,16.74,16.01,16.13,17.84,1021,,,59,1.4,,48,scattered clouds
1680037200,2023-03-28 21:00:00 +0000 UTC,local,15.9,15.06,15.13,17.29,1021,,,58,1.59,,65,broken clouds
1680040800,2023-03-28 22:00:00 +0000 UTC,local,16.4,15.66,16.13,17.2,1021,,,60,1.42,,63,broken clouds
1680044400,2023-03-28 23:00:00 +0000 UTC,local,16.19,15.46,16.13,17.2,1021,,,61,1.24,,60,broken clouds
1680048000,2023-03-29 00:00:00 +0000 UTC,local,15.4,14.64,15.13,17.2,1021,,,63,1.45,,77,broken clouds
1680051600,2023-03-29 01:00:00 +0000 UTC,local,15.38,14.67,15.13,16.64,1021,,,65,1.71,,98,overcast clouds
1680055200,2023-03-29 02:00:00 +0000 UTC,local,15.11,14.4,15.07,15.31,1020,,,66,1.73,,99,overcast clouds
1680058800,2023-03-29 03:00:00 +0000 UTC,local,15.11,14.43,15.07,15.86,1020,,,67,1.86,,99,overcast clouds
1680062400,2023-03-29 04:00:00 +0000 UTC,local,14.89,14.21,14.51,15.31,1019,,,68,1.64,,99,overcast clouds
1680066000,2023-03-29 05:00:00 +0000 UTC,local,14.28,13.59,14.13,14.75,1019,,,70,1.82,,93,overcast clouds
1680069600,2023-03-29 06:00:00 +0000 UTC,local,13.62,12.89,13.13,15.53,1019,,,71,1.42,,94,overcast clouds
1680073200,2023-03-29 07:00:00 +0000 UTC,local,14.14,13.46,13.95,16.42,1020,,,71,1.66,,100,overcast clouds
1680076800,2023-03-29 08:00:00 +0000 UTC,local,15.54,14.93,14.51,19.2,1020,,,68,1.3,,93,overcast clouds
1680080400,2023-03-29 09:00:00 +0000 UTC,local,19.45,18.47,15.62,19.75,1020,,,39,2.2,,95,overcast clouds
1680084000,2023-03-29 10:00:00 +0000 UTC,local,19.52,18.57,16.73,19.56,1020,,,40,3.81,,97,overcast clouds
1680087600,2023-03-29 11:00:00 +0000 UTC,local,20.91,20.15,18.4,21.23,1020,,,42,4.97,,97,overcast clouds
1680091200,2023-03-29 12:00:00 +0000 UTC,local,21.65,20.86,18.95,23.09,1020,,,38,6.13,,99,overcast clouds
1680094800,2023-03-29 13:00:00 +0000 UTC,local,23.34,22.77,19.13,23.45,1020,,,40,6.37,,100,overcast clouds
1680098400,2023-03-29 14:00:00 +0000 UTC,local,22.8,22.13,19.13,22.89,1020,,,38,6.26,,100,overcast clouds
1680102000,2023-03-29 15:00:00 +0000 UTC,local,21.1,20.31,18.13,22.53,1020,,,40,5.71,,88,overcast clouds
1680105600,2023-03-29 16:00:00 +0000 UTC,local,20.59,19.93,17.13,20.67,1020,,,47,5.02,,68,broken clouds
1680109200,2023-03-29 17:00:00 +0000 UTC,local,18.41,18.13,16.64,19.2,1020,,,70,4.65,,55,broken clouds
1680112800,2023-03-29 18:00:00 +0000 UTC,local,17.31,17.13,16.09,17.84,1020,,,78,3.32,,63,broken clouds
1680116400,2023-03-29 19:00:00 +0000 UTC,local,16.24,16.19,15.53,17.29,1021,,,87,2.43,,82,broken clouds
1680120000,2023-03-29 20:00:00 +0000 UTC,local,15.67,15.59,14.98,16.73,1022,,,88,2.07,,91,overcast clouds
1680123600,2023-03-29 21:00:00 +0000 UTC,local,15.67,15.59,14.98,16.73,1023,,,88,2.03,,94,overcast clouds
1680127200,2023-03-29 22:00:00 +0000 UTC,local,15.65,15.59,14.98,15.67,1023,,,89,1.9,,95,overcast clouds
1680130800,2023-03-29 23:00:00 +0000 UTC,local,15.11,15.03,14.98,15.31,1023,,,90,1.97,,96,overcast clouds
1680134400,2023-03-30 00:00:00 +0000 UTC,local,15.11,15.03,14.42,15.31,1022,,,90,1.86,,95,overcast clouds
1680138000,2023-03-30 01:00:00 +0000 UTC,local,14.57,14.46,13.86,15.31,1023,,,91,2.12,,94,overcast clouds
1680141600,2023-03-30 02:00:00 +0000 UTC,local,14.03,13.86,13.86,15.13,1022,,,91,2.02,,90,overcast clouds
1680145200,2023-03-30 03:00:00 +0000 UTC,local,14,13.83,13.86,14.2,1023,,,91,1.86,,93,overcast clouds
1680148800,2023-03-30 04:00:00 +0000 UTC,local,14,13.86,13.64,14.13,1023,,,92,1.61,,95,overcast clouds
1680152400,2023-03-30 05:00:00 +0000 UTC,local,14,13.86,13.09,14.13,1023,,,92,1.72,,92,overcast clouds
1680156000,2023-03-30 06:00:00 +0000 UTC,local,13.47,13.27,12.53,14.13,1023,,,92,1.66,,93,overcast clouds
1680159600,2023-03-30 07:00:00 +0000 UTC,local,13.5,13.28,12.53,15.07,1023,,,91,1.7,,100,overcast clouds
1680163200,2023-03-30 08:00:00 +0000 UTC,local,14,13.73,14,14.42,1023,,,87,2.4,,97,overcast clouds
1680166800,2023-03-30 09:00:00 +0000 UTC,local,15.64,15.43,14.13,15.67,1024,,,83,3.46,,90,overcast clouds
1680170400,2023-03-30 10:00:00 +0000 UTC,local,17.25,16.94,15.13,18.09,1024,,,73,4.22,,86,overcast clouds
1680174000,2023-03-30 11:00:00 +0000 UTC,local,17.31,16.82,16.13,17.34,1024,,,66,4.98,,89,overcast clouds
1680177600,2023-03-30 12:00:00 +0000 UTC,local,17.83,17.29,16.13,18.09,1024,,,62,5.48,,85,overcast clouds
1680181200,2023-03-30 13:00:00 +0000 UTC,local,17.84,17.4,16.13,18.64,1024,,,66,5.69,,100,overcast clouds
1680184800,2023-03-30 14:00:00 +0000 UTC,local,17.84,17.46,16.13,19.2,1023,,,68,5.98,,100,overcast clouds
1680188400,2023-03-30 15:00:00 +0000 UTC,local,17.89,17.54,16.64,19.2,1023,,,69,5.61,,98,overcast clouds
1680192000,2023-03-30 16:00:00 +0000 UTC,local,17.31,16.98,16.09,18.09,1023,,,72,5.41,,99,overcast clouds
1680195600,2023-03-30 17:00:00 +0000 UTC,local,16.24,15.85,15.53,17.53,1023,,,74,4.85,,99,overcast clouds
1680199200,2023-03-30 18:00:00 +0000 UTC,local,15.67,15.36,14.98,16.73,1023,,,79,4.11,,100,overcast clouds
1680202800,2023-03-30 19:00:00 +0000 UTC,local,15.12,14.85,14.42,16.18,1024,,,83,3.79,,100,overcast clouds
1680206400,2023-03-30 20:00:00 +0000 UTC,local,15.13,14.92,14.42,16.18,1024,,,85,3.63,0.19,100,light rain
1680210000,2023-03-30 21:00:00 +0000 UTC,local,14.59,14.45,14.2,15.62,1025,,,90,3.85,,100,overcast clouds
1680213600,2023-03-30 22:00:00 +0000 UTC,local,14.59,14.51,13.86,15.62,1024,,,92,3.82,,100,overcast clouds
1680217200,2023-03-30 23:00:00 +0000 UTC,local,14.55,14.49,13.86,15.86,1024,,,93,3.68,,100,overcast clouds
1680220800,2023-03-31 00:00:00 +0000 UTC,local,14.55,14.52,13.86,15.31,1023,,,94,3.97,,100,overcast clouds
1680224400,2023-03-31 01:00:00 +0000 UTC,local,14.55,14.52,13.86,15.07,1023,,,94,3.71,,100,overcast clouds
1680228000,2023-03-31 02:00:00 +0000 UTC,local,14.55,14.52,13.86,15.07,1023,,,94,3.44,,99,overcast clouds
1680231600,2023-03-31 03:00:00 +0000 UTC,local,14.54,14.5,13.86,14.56,1023,,,94,3.29,,99,overcast clouds
1680235200,2023-03-31 04:00:00 +0000 UTC,local,14.01,13.95,13.86,14.51,1024,,,95,3.33,,98,overcast clouds
1680238800,2023-03-31 05:00:00 +0000 UTC,local,14.01,13.92,13.86,14.51,1024,,,94,3.27,,99,overcast clouds
1680242400,2023-03-31 06:00:00 +0000 UTC,local,13.49,13.38,13.31,14.51,1024,,,95,2.41,,99,overcast clouds
1680246000,2023-03-31 07:00:00 +0000 UTC,local,12.89,12.72,12.75,13.13,1024,,,95,2.09,,97,overcast clouds
1680249600,2023-03-31 08:00:00 +0000 UTC,local,12.42,12.17,12.34,14.13,1024,,,94,2.57,,99,overcast clouds
1680253200,2023-03-31 09:00:00 +0000 UTC,local,13.49,13.32,13.45,14.75,1025,,,93,3.55,,95,overcast clouds
1680256800,2023-03-31 10:00:00 +0000 UTC,local,14.05,13.78,13.86,16.42,1025,,,87,3.91,,92,overcast clouds
1680260400,2023-03-31 11:00:00 +0000 UTC,local,15.11,14.71,14.42,15.13,1025,,,78,3.96,,94,overcast clouds
1680264000,2023-03-31 12:00:00 +0000 UTC,local,15.12,14.72,14.98,15.86,1025,,,78,4.48,,100,overcast clouds
1680267600,2023-03-31 13:00:00 +0000 UTC,local,16.2,15.81,14.98,17.53,1025,,,74,4.76,,100,overcast clouds
1680271200,2023-03-31 14:00:00 +0000 UTC,local,16.22,15.75,14.98,16.98,1024,,,71,4.79,,100,overcast clouds
1680274800,2023-03-31 15:00:00 +0000 UTC,local,16.22,15.67,16.13,16.42,1024,,,68,4.69,,99,overcast clouds
1680278400,2023-03-31 16:00:00 +0000 UTC,local,16.18,15.68,14.42,16.23,1024,,,70,4.53,,99,overcast clouds
1680282000,2023-03-31 17:00:00 +0000 UTC,local,15.12,14.62,15.11,15.62,1024,,,74,4,,100,overcast clouds
1680285600,2023-03-31 18:00:00 +0000 UTC,local,14.02,13.57,13.31,15.07,1025,,,80,2.94,,99,overcast clouds
1680289200,2023-03-31 19:00:00 +0000 UTC,local,13.49,13.04,12.75,14.51,1026,,,82,1.9,,100,overcast clouds
1680292800,2023-03-31 20:00:00 +0000 UTC,local,12.92,12.54,12.75,14.13,1026,,,87,1.12,,94,overcast clouds
1680296400,2023-03-31 21:00:00 +0000 UTC,local,12.37,12.01,12.2,13.95,1027,,,90,0.63,,96,overcast clouds
1680300000,2023-03-31 22:00:00 +0000 UTC,local,12.37,12.04,12.2,13.95,1027,,,91,0.44,,91,overcast clouds
1680303600,2023-03-31 23:00:00 +0000 UTC,local,12.39,12.09,11.64,13.95,1027,,,92,0.61,,89,overcast clouds
1680307200,2023-04-01 00:00:00 +0000 UTC,local,12.37,12.09,11.64,13.95,1026,,,93,0.64,,86,overcast clouds
1680310800,2023-04-01 01:00:00 +0000 UTC,local,12.38,12.1,11.64,13.4,1026,,,93,0.83,,95,overcast clouds
1680314400,2023-04-01 02:00:00 +0000 UTC,local,12.38,12.1,11.64,13.4,1025,,,93,0.87,,96,overcast clouds
1680318000,2023-04-01 03:00:00 +0000 UTC,local,12.38,12.1,11.42,13.4,1025,,,93,1.06,,97,overcast clouds
1680321600,2023-04-01 04:00:00 +0000 UTC,local,12.38,12.1,11.42,13.4,1025,,,93,1.21,,98,overcast clouds
1680325200,2023-04-01 05:00:00 +0000 UTC,local,12.38,12.1,10.86,13.4,1025,,,93,1.05,,98,overcast clouds
1680328800,2023-04-01 06:00:00 +0000 UTC,local,11.83,11.5,10.31,13.13,1025,,,93,0.97,0.45,99,light rain
1680332400,2023-04-01 07:00:00 +0000 UTC,local,11.28,10.87,10.31,12.84,1025,,,92,1.27,1.15,100,moderate rain
1680336000,2023-04-01 08:00:00 +0000 UTC,local,11.28,10.89,11.23,12.84,1025,,,93,1.01,0.22,100,light rain
1680339600,2023-04-01 09:00:00 +0000 UTC,local,11.79,11.48,11.64,12.13,1026,,,94,1.12,,100,overcast clouds
1680343200,2023-04-01 10:00:00 +0000 UTC,local,11.82,11.49,11.78,13.4,1026,,,93,1.16,,100,overcast clouds
1680346800,2023-04-01 11:00:00 +0000 UTC,local,12.35,12.04,12.13,14.75,1026,,,92,1.17,,100,overcast clouds
1680350400,2023-04-01 12:00:00 +0000 UTC,local,12.9,12.65,12.75,13.95,1025,,,92,0.51,,100,overcast clouds
1680354000,2023-04-01 13:00:00 +0000 UTC,local,13.48,13.23,13.31,15.07,1025,,,90,0.91,,100,overcast clouds
1680357600,2023-04-01 14:00:00 +0000 UTC,local,14.01,13.87,13.31,15.31,1025,,,92,0.89,,100,overcast clouds
1680361200,2023-04-01 15:00:00 +0000 UTC,local,15.07,14.88,14.13,15.31,1024,,,86,1.26,,100,overcast clouds
1680364800,2023-04-01 16:00:00 +0000 UTC,local,16.15,15.86,14.13,16.98,1024,,,78,1.49,,100,overcast clouds
1680368400,2023-04-01 17:00:00 +0000 UTC,local,16.18,15.89,15.07,16.98,1024,,,78,2.13,,98,overcast clouds
1680372000,2023-04-01 18:00:00 +0000 UTC,local,16.15,15.78,14.13,16.42,1024,,,75,1.61,,91,overcast clouds
1680375600,2023-04-01 19:00:00 +0000 UTC,local,14.46,14.31,13.86,15.07,1025,,,90,1.47,,49,scattered clouds
1680379200,2023-04-01 20:00:00 +0000 UTC,local,13.43,13.05,12.13,13.95,1026,,,85,1.51,,27,scattered clouds
1680382800,2023-04-01 21:00:00 +0000 UTC,local,12.32,11.85,11.13,13.4,1026,,,86,1.39,,18,few clouds
1680386400,2023-04-01 22:00:00 +0000 UTC,local,11.75,11.23,10.13,12.29,1027,,,86,1.64,,15,few clouds
1680390000,2023-04-01 23:00:00 +0000 UTC,local,11.19,10.61,9.13,12.29,1027,,,86,1.91,,12,few clouds
1680393600,2023-04-02 00:00:00 +0000 UTC,local,10.64,9.77,8.09,11.73,1027,,,77,2.18,,11,few clouds
1680397200,2023-04-02 01:00:00 +0000 UTC,local,9.58,8.41,7.53,11.18,1027,,,72,2.38,,8,sky is clear
1680400800,2023-04-02 02:00:00 +0000 UTC,local,9.13,7.86,6.42,10.62,1027,,,87,2.41,,9,sky is clear
1680404400,2023-04-02 03:00:00 +0000 UTC,local,9.11,7.86,5.86,10.62,1027,,,85,2.37,,8,sky is clear
1680408000,2023-04-02 04:00:00 +0000 UTC,local,7.71,6.08,5.31,10.07,1027,,,84,2.54,,22,few clouds
1680411600,2023-04-02 05:00:00 +0000 UTC,local,6.88,5.47,4.75,9.51,1027,,,81,2.09,,38,scattered clouds
1680415200,2023-04-02 06:00:00 +0000 UTC,local,6.06,4.46,4.13,8.95,1027,,,79,2.15,,38,scattered clouds
1680418800,2023-04-02 07:00:00 +0000 UTC,local,5.29,3.69,3.13,8.4,1027,,,77,2.02,,24,few clouds
1680422400,2023-04-02 08:00:00 +0000 UTC,local,10.56,9.06,6.98,10.67,1027,,,53,1.77,,17,few clouds
1680426000,2023-04-02 09:00:00 +0000 UTC,local,12.76,11.58,10.07,12.89,1027,,,57,1.35,,42,scattered clouds
1680429600,2023-04-02 10:00:00 +0000 UTC,local,14.98,13.76,11.18,15.11,1027,,,47,1.3,,47,scattered clouds
1680433200,2023-04-02 11:00:00 +0000 UTC,local,16.7,15.6,14.13,16.98,1027,,,45,0.67,,40,scattered clouds
1680436800,2023-04-02 12:00:00 +0000 UTC,local,17.75,16.57,14.51,18.64,1027,,,38,0.39,,53,broken clouds
1680440400,2023-04-02 13:00:00 +0000 UTC,local,18.88,17.79,15.07,20.31,1026,,,37,0.72,,33,scattered clouds
1680444000,2023-04-02 14:00:00 +0000 UTC,local,19.38,18.29,15.13,20.86,1025,,,35,1.13,,61,broken clouds
1680447600,2023-04-02 15:00:00 +0000 UTC,local,20.53,19.55,15.13,20.67,1024,,,35,1.5,,74,broken clouds
1680451200,2023-04-02 16:00:00 +0000 UTC,local,19.9,18.91,15.13,20.86,1024,,,37,1.85,,80,broken clouds
1680454800,2023-04-02 17:00:00 +0000 UTC,local,20.46,19.53,16.13,20.67,1023,,,37,1.7,,84,broken clouds
1680458400,2023-04-02 18:00:00 +0000 UTC,local,16.13,15.37,16.13,16.18,1024,,,60,1.23,,93,overcast clouds
1680462000,2023-04-02 19:00:00 +0000 UTC,local,14.46,13.74,13.86,15.07,1024,,,68,0.81,,100,overcast clouds
1680465600,2023-04-02 20:00:00 +0000 UTC,local,12.13,11.23,11.13,13.95,1024,,,70,1.18,,100,overcast clouds
1680469200,2023-04-02 21:00:00 +0000 UTC,local,11.94,10.97,11.13,13.4,1025,,,68,1.66,,100,overcast clouds
1680472800,2023-04-02 22:00:00 +0000 UTC,local,11.24,10.14,10.13,12.84,1025,,,66,1.51,,100,overcast clouds
1680476400,2023-04-02 23:00:00 +0000 UTC,local,12.26,11.34,9.13,12.84,1024,,,69,1.8,,100,overcast clouds
1680480000,2023-04-03 00:00:00 +0000 UTC,local,9.81,9.14,8.13,12.29,1024,,,63,1.8,,98,overcast clouds
1680483600,2023-04-03 01:00:00 +0000 UTC,local,8.78,7.76,7.13,11.18,1023,,,61,2.01,,48,scattered clouds
1680487200,2023-04-03 02:00:00 +0000 UTC,local,8.74,8.01,7.13,11.18,1022,,,60,1.69,,34,scattered clouds
1680490800,2023-04-03 03:00:00 +0000 UTC,local,9.66,8.79,8.86,10.62,1022,,,57,2.01,,43,scattered clouds
1680494400,2023-04-03 04:00:00 +0000 UTC,local,8.82,8.02,7.2,10.07,1021,,,56,1.78,,53,broken clouds
1680498000,2023-04-03 05:00:00 +0000 UTC,local,8.62,8.15,7.75,9.51,1021,,,55,1.43,,62,broken clouds
1680501600,2023-04-03 06:00:00 +0000 UTC,local,8.62,7.93,6.64,9.51,1021,,,54,1.64,,68,broken clouds
1680505200,2023-04-03 07:00:00 +0000 UTC,local,8.42,7.71,7.75,8.95,1021,,,56,1.63,,100,overcast clouds
1680508800,2023-04-03 08:00:00 +0000 UTC,local,13.34,12.01,9.13,13.45,1020,,,49,1.1,,100,overcast clouds
1680512400,2023-04-03 09:00:00 +0000 UTC,local,15,13.78,10.62,15.11,1020,,,47,0.98,,100,overcast clouds
1680516000,2023-04-03 10:00:00 +0000 UTC,local,16.62,15.67,12.29,16.78,1019,,,51,0.85,,100,overcast clouds
1680519600,2023-04-03 11:00:00 +0000 UTC,local,16.76,15.93,16.09,16.98,1019,,,55,1.07,,100,overcast clouds
1680523200,2023-04-03 12:00:00 +0000 UTC,local,18.84,17.9,14.51,19,1018,,,43,1.05,,100,overcast clouds
1680526800,2023-04-03 13:00:00 +0000 UTC,local,19.38,18.5,15.07,19.56,1017,,,43,1.81,,100,overcast clouds
1680530400,2023-04-03 14:00:00 +0000 UTC,local,18.82,18.01,15.13,19,1017,,,48,2.59,,100,overcast clouds
1680534000,2023-04-03 15:00:00 +0000 UTC,local,18.84,18.14,15.13,19,1016,,,52,2.32,,100,overcast clouds
1680537600,2023-04-03 16:00:00 +0000 UTC,local,18.3,17.7,15.13,18.45,1015,,,58,1.66,,100,overcast clouds
1680541200,2023-04-03 17:00:00 +0000 UTC,local,16.7,16.07,15.07,16.78,1015,,,63,3.01,,100,overcast clouds
1680544800,2023-04-03 18:00:00 +0000 UTC,local,16.7,16.18,14.98,16.78,1014,,,67,1.49,,100,overcast clouds
1680548400,2023-04-03 19:00:00 +0000 UTC,local,14.48,13.84,13.86,15.31,1014,,,71,1.3,,100,overcast clouds
1680552000,2023-04-03 20:00:00 +0000 UTC,local,13.22,12.56,12.75,13.64,1015,,,75,1.3,,100,overcast clouds
1680555600,2023-04-03 21:00:00 +0000 UTC,local,13.43,13.07,12.2,13.45,1015,,,86,1.41,,100,overcast clouds
1680559200,2023-04-03 22:00:00 +0000 UTC,local,12.85,12.51,11.64,12.89,1014,,,89,1.44,,100,overcast clouds
1680562800,2023-04-03 23:00:00 +0000 UTC,local,12.32,11.96,11.09,12.34,1014,,,90,0.54,,100,overcast clouds
1680566400,2023-04-04 00:00:00 +0000 UTC,local,12.33,11.99,11.98,12.34,1014,,,91,0.76,,100,overcast clouds
1680570000,2023-04-04 01:00:00 +0000 UTC,local,12.33,11.99,11.98,12.34,1014,,,91,0.69,,100,overcast clouds
1680573600,2023-04-04 02:00:00 +0000 UTC,local,11.77,11.38,11.09,12.29,1014,,,91,1.38,,100,overcast clouds
1680577200,2023-04-04 03:00:00 +0000 UTC,local,12.3,11.81,11.09,12.34,1014,,,85,1.18,,100,overcast clouds
1680580800,2023-04-04 04:00:00 +0000 UTC,local,13.35,12.49,10.86,13.45,1014,,,67,1.79,,100,overcast clouds
1680584400,2023-04-04 05:00:00 +0000 UTC,local,12.79,11.69,9.75,12.89,1014,,,60,1.99,,100,overcast clouds
1680588000,2023-04-04 06:00:00 +0000 UTC,local,10.01,9.13,8.09,11.64,1014,,,79,1.96,,97,overcast clouds
1680591600,2023-04-04 07:00:00 +0000 UTC,local,9.41,8.52,8.09,11.18,1015,,,80,1.98,,75,broken clouds
1680595200,2023-04-04 08:00:00 +0000 UTC,local,14.95,13.62,11.13,15.11,1015,,,43,1.63,,47,scattered clouds
1680598800,2023-04-04 09:00:00 +0000 UTC,local,15.61,14.14,13.4,15.67,1015,,,35,1.81,,32,scattered clouds
1680602400,2023-04-04 10:00:00 +0000 UTC,local,17.06,15.74,16.64,18.09,1015,,,35,2.98,,24,few clouds
1680606000,2023-04-04 11:00:00 +0000 UTC,local,17.92,16.71,17.89,19.75,1015,,,36,3.52,,20,few clouds
1680609600,2023-04-04 12:00:00 +0000 UTC,local,19.57,18.44,19.42,21.42,1015,,,33,3.73,,13,few clouds
1680613200,2023-04-04 13:00:00 +0000 UTC,local,20.08,18.77,18.4,22.53,1015,,,24,4.04,,1,sky is clear
1680616800,2023-04-04 14:00:00 +0000 UTC,local,21.18,19.98,18.95,23.09,1015,,,24,3.83,,1,sky is clear
1680620400,2023-04-04 15:00:00 +0000 UTC,local,21.78,20.59,19.51,23.13,1014,,,22,3.41,,0,sky is clear
1680624000,2023-04-04 16:00:00 +0000 UTC,local,21.8,20.53,20.62,23.13,1014,,,19,2.68,,0,sky is clear
1680627600,2023-04-04 17:00:00 +0000 UTC,local,22.33,21.09,22.13,22.53,1014,,,18,1.52,,0,sky is clear
1680631200,2023-04-04 18:00:00 +0000 UTC,local,22.23,21,20.13,22.34,1015,,,19,0.45,,1,sky is clear
1680634800,2023-04-04 19:00:00 +0000 UTC,local,17.13,16.18,17.13,17.13,1016,,,49,0.86,,5,sky is clear
1680638400,2023-04-04 20:00:00 +0000 UTC,local,15.13,14.03,15.13,15.13,1017,,,51,1.71,,2,sky is clear
1680642000,2023-04-04 21:00:00 +0000 UTC,local,13.13,11.83,13.13,13.13,1018,,,51,2,,2,sky is clear
1680645600,2023-04-04 22:00:00 +0000 UTC,local,11.13,9.63,11.13,14.75,1019,,,51,2.23,,2,sky is clear
1680649200,2023-04-04 23:00:00 +0000 UTC,local,12.97,11.6,11.13,15.62,1019,,,49,2.51,,2,sky is clear
